granule,exit_code,container,job_stopped,logstream
S2A_MSIL1C_20200710T001611_N0209_R059_T01WDS_20200710T022148,1,arn:aws:ecs:us-west-2:018923174646:container-instance/9a9f9476-0be5-482d-b05a-2f961f3ca08f,2020-07-28 22:42:39.555,SentinelTaskBatchJobDE3-581008467128b6c/default/fe64a81c-6c63-4ddb-837d-30e08ba21596
S2A_MSIL1C_20200710T003711_N0209_R059_T54JYP_20200710T022631,1,arn:aws:ecs:us-west-2:018923174646:container-instance/7abd3ab7-1888-42c0-9a8e-d1e2b288884e,2020-07-28 22:56:57.954,SentinelTaskBatchJobDE3-581008467128b6c/default/3b20fbc2-8490-4c9d-bfba-df690308bd19
S2A_MSIL1C_20200710T015701_N0209_R060_T53SLT_20200710T040520,1,arn:aws:ecs:us-west-2:018923174646:container-instance/36bfff74-e807-4b33-b322-a21cd17f5c10,2020-07-28 22:57:09.541,SentinelTaskBatchJobDE3-581008467128b6c/default/84d25243-3403-4411-b347-90cf3b86bb17
S2A_MSIL1C_20200710T003711_N0209_R059_T55MCQ_20200710T022631,1,arn:aws:ecs:us-west-2:018923174646:container-instance/d3c9f5b5-4703-47bc-83ed-8a31e6806e17,2020-07-28 22:57:26.927,SentinelTaskBatchJobDE3-581008467128b6c/default/5a437946-5302-41e4-805a-f42dcfa0c917
S2A_MSIL1C_20200710T001611_N0209_R059_T58VFP_20200710T022148,1,arn:aws:ecs:us-west-2:018923174646:container-instance/657a1f40-5324-44af-9695-475026cbcfc1,2020-07-28 22:58:08.786,SentinelTaskBatchJobDE3-581008467128b6c/default/13e22cee-744c-485d-9cad-939ac75dc6e5
S2A_MSIL1C_20200710T003711_N0209_R059_T55LEJ_20200710T022631,1,arn:aws:ecs:us-west-2:018923174646:container-instance/3716951f-b8ed-4534-b488-73592261b0d1,2020-07-28 22:59:57.043,SentinelTaskBatchJobDE3-581008467128b6c/default/2299cfe1-6786-4e23-9e4c-3ebfbeb5c028
S2A_MSIL1C_20200710T003711_N0209_R059_T55LEK_20200710T022631,1,arn:aws:ecs:us-west-2:018923174646:container-instance/2446271e-81f0-48b8-bab9-36789756049f,2020-07-28 23:01:25.575,SentinelTaskBatchJobDE3-581008467128b6c/default/d224c105-b5e7-4183-839e-fd0cfc121d89
S2A_MSIL1C_20200710T003711_N0209_R059_T54KYA_20200710T022631,1,arn:aws:ecs:us-west-2:018923174646:container-instance/a59e3bcf-3a0b-441e-89be-3cce2a1cbac1,2020-07-28 23:01:42.543,SentinelTaskBatchJobDE3-581008467128b6c/default/874db834-b641-4161-b918-aea60a759673
S2A_MSIL1C_20200710T015701_N0209_R060_T52SEA_20200710T040520,1,arn:aws:ecs:us-west-2:018923174646:container-instance/d3c9f5b5-4703-47bc-83ed-8a31e6806e17,2020-07-28 23:02:30.778,SentinelTaskBatchJobDE3-581008467128b6c/default/404d8998-e5db-49e3-8df6-b1a9f440a381
S2A_MSIL1C_20200710T015701_N0209_R060_T53SKT_20200710T040520,1,arn:aws:ecs:us-west-2:018923174646:container-instance/c1cd2bf2-a8fe-47ac-8018-e16546ed2aaa,2020-07-28 23:04:54.587,SentinelTaskBatchJobDE3-581008467128b6c/default/42f5c541-a259-4723-8997-9b179a3b7a9e
S2A_MSIL1C_20200710T003711_N0209_R059_T55MEP_20200710T022631,1,arn:aws:ecs:us-west-2:018923174646:container-instance/c1cd2bf2-a8fe-47ac-8018-e16546ed2aaa,2020-07-28 23:05:08.698,SentinelTaskBatchJobDE3-581008467128b6c/default/c436fe51-0256-4e0f-95e3-ced4911dce34
S2A_MSIL1C_20200710T003711_N0209_R059_T55LEL_20200710T022631,1,arn:aws:ecs:us-west-2:018923174646:container-instance/4c739afb-0c20-4a05-b0a9-05a9518df131,2020-07-28 23:05:54.935,SentinelTaskBatchJobDE3-581008467128b6c/default/3f9916c4-8062-42bc-a526-a4ed63187083
S2A_MSIL1C_20200710T015701_N0209_R060_T54UWF_20200710T040520,1,arn:aws:ecs:us-west-2:018923174646:container-instance/2446271e-81f0-48b8-bab9-36789756049f,2020-07-28 23:06:28.831,SentinelTaskBatchJobDE3-581008467128b6c/default/94f7fa9a-522f-440a-a740-0f4b2b959852
S2A_MSIL1C_20200710T015701_N0209_R060_T54WXA_20200710T040520,1,arn:aws:ecs:us-west-2:018923174646:container-instance/9a9f9476-0be5-482d-b05a-2f961f3ca08f,2020-07-28 23:07:47.58,SentinelTaskBatchJobDE3-581008467128b6c/default/a3a66f47-1f60-4fdb-a1b4-00be5fe57428
S2A_MSIL1C_20200710T015701_N0209_R060_T56WMT_20200710T040520,1,arn:aws:ecs:us-west-2:018923174646:container-instance/07b02cb1-7323-4f44-9f0d-9b1f88b93a22,2020-07-28 23:10:28.654,SentinelTaskBatchJobDE3-581008467128b6c/default/5bd956eb-7079-4bfe-87e9-1b43b80071fb
S2A_MSIL1C_20200710T015701_N0209_R060_T53TMH_20200710T040520,1,arn:aws:ecs:us-west-2:018923174646:container-instance/9a9f9476-0be5-482d-b05a-2f961f3ca08f,2020-07-28 23:10:55.629,SentinelTaskBatchJobDE3-581008467128b6c/default/ad635041-eeb0-4958-8c20-cc10aaeacfd2
S2A_MSIL1C_20200710T015701_N0209_R060_T56WPB_20200710T040520,1,arn:aws:ecs:us-west-2:018923174646:container-instance/76f04fe6-1798-40de-b458-47df35a4ac90,2020-07-28 23:11:16.007,SentinelTaskBatchJobDE3-581008467128b6c/default/ed412761-acf4-4ada-a531-eb2f83e54729
S2A_MSIL1C_20200710T015701_N0209_R060_T54UUE_20200710T040520,1,arn:aws:ecs:us-west-2:018923174646:container-instance/41a45b45-23e2-47f6-a6a0-69cdf1095cfa,2020-07-28 23:12:16.333,SentinelTaskBatchJobDE3-581008467128b6c/default/a10e6893-dda1-40b8-b4cb-17c3a2e288bc
"S2A_MSIL1C_20200710T021351_N0209_R060_T50KMA_20200710T034508,S2A_MSIL1C_20200710T021351_N0209_R060_T50KMA_20200710T052655",1,arn:aws:ecs:us-west-2:018923174646:container-instance/eb031543-fbc5-4c6d-946e-93103cc01fd8,2020-07-28 23:16:29.066,SentinelTaskBatchJobDE3-581008467128b6c/default/37d5850c-c10b-466d-b43e-506a310e31f0
S2A_MSIL1C_20200710T015701_N0209_R060_T55WET_20200710T040520,1,arn:aws:ecs:us-west-2:018923174646:container-instance/22ede9d7-7bc1-462a-9ec4-2b692af30bc7,2020-07-28 23:18:32.462,SentinelTaskBatchJobDE3-581008467128b6c/default/dea73cbb-2afb-4f3a-94e1-f9f5559f9473
S2A_MSIL1C_20200710T021351_N0209_R060_T51MWP_20200710T034508,1,arn:aws:ecs:us-west-2:018923174646:container-instance/e61e57ee-59d1-4cd2-8bd8-d5489efedb4b,2020-07-28 23:22:19.38,SentinelTaskBatchJobDE3-581008467128b6c/default/ebdf5c7a-81d2-4b1c-9253-17ae8ab12531
S2A_MSIL1C_20200710T015701_N0209_R060_T54VXQ_20200710T040520,1,arn:aws:ecs:us-west-2:018923174646:container-instance/ee851ab9-5a7a-4f83-810a-1b9d4926f804,2020-07-28 23:23:09.89,SentinelTaskBatchJobDE3-581008467128b6c/default/546cf376-66ec-4a61-8d29-9e3c182e5020
S2A_MSIL1C_20200710T021351_N0209_R060_T50JMN_20200710T052655,1,arn:aws:ecs:us-west-2:018923174646:container-instance/ab1084e5-aaeb-45d9-b63c-cef4b6fd7cdf,2020-07-28 23:23:51.791,SentinelTaskBatchJobDE3-581008467128b6c/default/a17814c7-6fb3-4d81-9e8a-7b479bfe9fb8
"S2A_MSIL1C_20200710T021351_N0209_R060_T50KMA_20200710T034508,S2A_MSIL1C_20200710T021351_N0209_R060_T50KMA_20200710T052655",1,arn:aws:ecs:us-west-2:018923174646:container-instance/52db3929-b83d-4259-9332-d97214ddfe76,2020-07-28 23:24:29.877,SentinelTaskBatchJobDE3-581008467128b6c/default/bb5f24cf-37ef-45f6-ae3d-c8728526a49c
S2A_MSIL1C_20200710T021351_N0209_R060_T50KMV_20200710T052655,1,arn:aws:ecs:us-west-2:018923174646:container-instance/be0358a4-7251-4083-a06f-61f55f22205b,2020-07-28 23:24:55.888,SentinelTaskBatchJobDE3-581008467128b6c/default/f1c5c060-8862-4441-bbf3-51fa2ba4a4e7
S2A_MSIL1C_20200710T021351_N0209_R060_T51MUV_20200710T035545,1,arn:aws:ecs:us-west-2:018923174646:container-instance/e61e57ee-59d1-4cd2-8bd8-d5489efedb4b,2020-07-28 23:25:01.336,SentinelTaskBatchJobDE3-581008467128b6c/default/4519ff34-c6be-44de-acf7-a10a4af53c2d
"S2A_MSIL1C_20200710T021351_N0209_R060_T50KMB_20200710T034508,S2A_MSIL1C_20200710T021351_N0209_R060_T50KMB_20200710T052655",1,arn:aws:ecs:us-west-2:018923174646:container-instance/0661c529-e87e-49e6-9692-57b68cddab10,2020-07-28 23:26:06.301,SentinelTaskBatchJobDE3-581008467128b6c/default/53a01619-55f2-4421-b36f-8df464b97ef9
S2A_MSIL1C_20200710T033541_N0209_R061_T47PMN_20200710T063507,1,arn:aws:ecs:us-west-2:018923174646:container-instance/33c5ee92-45da-4dbb-850a-4beba98dde92,2020-07-28 23:26:38.963,SentinelTaskBatchJobDE3-581008467128b6c/default/0f7df7d6-cdac-466b-acf3-3f39dc7f1e9b
S2A_MSIL1C_20200710T021351_N0209_R060_T50JMR_20200710T052655,1,arn:aws:ecs:us-west-2:018923174646:container-instance/985e01c5-d20f-40c7-bd54-e460a5885151,2020-07-28 23:27:24.621,SentinelTaskBatchJobDE3-581008467128b6c/default/3b651f2d-2a14-4cb4-8c43-d028b333f005
S2A_MSIL1C_20200710T021351_N0209_R060_T51NYE_20200710T035545,1,arn:aws:ecs:us-west-2:018923174646:container-instance/33c5ee92-45da-4dbb-850a-4beba98dde92,2020-07-28 23:28:34.483,SentinelTaskBatchJobDE3-581008467128b6c/default/284c5586-e4d5-4b93-ac87-398a63b58a0f
S2A_MSIL1C_20200710T033541_N0209_R061_T47PNS_20200710T063507,1,arn:aws:ecs:us-west-2:018923174646:container-instance/f57a9701-5d77-43b6-87e3-8c6bd3fcd767,2020-07-28 23:30:03.322,SentinelTaskBatchJobDE3-581008467128b6c/default/d6c01433-3517-4913-bb06-8868f1674e69
"S2A_MSIL1C_20200710T021351_N0209_R060_T51MUS_20200710T034508,S2A_MSIL1C_20200710T021351_N0209_R060_T51MUS_20200710T035545",1,arn:aws:ecs:us-west-2:018923174646:container-instance/2446271e-81f0-48b8-bab9-36789756049f,2020-07-28 23:32:25.736,SentinelTaskBatchJobDE3-581008467128b6c/default/a79dc8f4-6e97-445d-a35b-7e25a16a79bb
"S2A_MSIL1C_20200710T033541_N0209_R061_T47PML_20200710T063507,S2A_MSIL1C_20200710T033541_N0209_R061_T47PML_20200710T071106",1,arn:aws:ecs:us-west-2:018923174646:container-instance/ab1084e5-aaeb-45d9-b63c-cef4b6fd7cdf,2020-07-28 23:35:42.227,SentinelTaskBatchJobDE3-581008467128b6c/default/47221cf9-5526-405f-a3c8-9f82b0ba86bc
"S2A_MSIL1C_20200710T033541_N0209_R061_T47PMK_20200710T063507,S2A_MSIL1C_20200710T033541_N0209_R061_T47PMK_20200710T071106",1,arn:aws:ecs:us-west-2:018923174646:container-instance/adfd08e1-42de-43cf-8f7e-904571a821e1,2020-07-28 23:35:57.982,SentinelTaskBatchJobDE3-581008467128b6c/default/3f03b814-1aa3-4407-aa15-bb2e9bacf2c6
S2A_MSIL1C_20200710T033541_N0209_R061_T48RXS_20200710T063507,1,arn:aws:ecs:us-west-2:018923174646:container-instance/07b02cb1-7323-4f44-9f0d-9b1f88b93a22,2020-07-28 23:36:57.8,SentinelTaskBatchJobDE3-581008467128b6c/default/058c4fe9-f5e2-4df5-9322-3ffa1a18ab7e
S2A_MSIL1C_20200710T033541_N0209_R061_T48SVE_20200710T063507,1,arn:aws:ecs:us-west-2:018923174646:container-instance/a69cc62f-08e2-40b4-8abe-65f59a6993d2,2020-07-28 23:37:50.314,SentinelTaskBatchJobDE3-581008467128b6c/default/82aa66aa-9cf9-41ae-a6c0-0d085ca3219b
S2A_MSIL1C_20200710T033541_N0209_R061_T48QTL_20200710T063507,1,arn:aws:ecs:us-west-2:018923174646:container-instance/7acd070c-b5f6-47f3-9323-a174cace475a,2020-07-28 23:41:55.494,SentinelTaskBatchJobDE3-581008467128b6c/default/b0a58099-f552-434c-bc95-ecdc8954a909
S2A_MSIL1C_20200710T033541_N0209_R061_T49TDE_20200710T063507,1,arn:aws:ecs:us-west-2:018923174646:container-instance/87c3098c-5931-4b3d-b8a9-a07f8190a943,2020-07-28 23:41:56.65,SentinelTaskBatchJobDE3-581008467128b6c/default/690369dd-0b29-4c3f-901f-d860f97ad0a4
"S2A_MSIL1C_20200710T033541_N0209_R061_T51WXR_20200710T052631,S2A_MSIL1C_20200710T033541_N0209_R061_T51WXR_20200710T063507",1,arn:aws:ecs:us-west-2:018923174646:container-instance/36bfff74-e807-4b33-b322-a21cd17f5c10,2020-07-28 23:51:05.325,SentinelTaskBatchJobDE3-581008467128b6c/default/0540228e-471a-4e67-8958-dd2b5aadd270
"S2A_MSIL1C_20200710T033541_N0209_R061_T51WVT_20200710T052631,S2A_MSIL1C_20200710T033541_N0209_R061_T51WVT_20200710T063507",1,arn:aws:ecs:us-west-2:018923174646:container-instance/99964f78-3c91-4a71-b812-8d3b0a173a6a,2020-07-28 23:51:57.376,SentinelTaskBatchJobDE3-581008467128b6c/default/5179f46a-219e-45eb-b790-4d0142fb60ee
S2A_MSIL1C_20200710T033541_N0209_R061_T52WDV_20200710T063507,1,arn:aws:ecs:us-west-2:018923174646:container-instance/a61549e0-3fcd-4474-8432-672f23f6bf9d,2020-07-28 23:56:35.695,SentinelTaskBatchJobDE3-581008467128b6c/default/c764606a-7e5b-4825-b204-a3d682aeedf6